{"cameraMode":{"drawMode":0,"name":"Shaded","section":"Shading Mode"},"sceneLighting":false,"audioPlay":false,"sceneViewState":{"showFog":true,"showMaterialUpdate":false,"showSkybox":false,"showFlares":true,"showImageEffects":true,"showParticleSystems":true},"in2DMode":false,"pivot":{"x":-1.108320951461792,"y":0.14380693435668946,"z":-1.1019763946533204},"rotation":{"x":0.229172021150589,"y":-0.6904186606407166,"z":0.24719935655593873,"w":0.640119731426239},"size":6.3215651512146,"orthographic":false}