{"cameraMode":{"drawMode":0,"name":"Shaded","section":"Shading Mode"},"sceneLighting":false,"audioPlay":false,"sceneViewState":{"showFog":true,"showMaterialUpdate":false,"showSkybox":false,"showFlares":true,"showImageEffects":true,"showParticleSystems":true},"in2DMode":false,"pivot":{"x":0.0000050316593842580918,"y":0.000016103300367831253,"z":0.000007509470378863625},"rotation":{"x":-0.11749961227178574,"y":-0.5326395630836487,"z":0.0749320536851883,"w":-0.8348298072814941},"size":0.00005715767838410102,"orthographic":false}