{"cameraMode":{"drawMode":0,"name":"Shaded","section":"Shading Mode"},"sceneLighting":true,"audioPlay":false,"sceneViewState":{"showFog":true,"showMaterialUpdate":false,"showSkybox":true,"showFlares":true,"showImageEffects":true,"showParticleSystems":true},"in2DMode":false,"pivot":{"x":0.011133193969726563,"y":1.2021448612213135,"z":0.4122989773750305},"rotation":{"x":0.22351287305355073,"y":0.6703149080276489,"z":-0.2231099158525467,"w":0.6715263724327087},"size":6.3215651512146,"orthographic":false}