{"cameraMode":{"drawMode":0,"name":"Shaded","section":"Shading Mode"},"sceneLighting":true,"audioPlay":false,"sceneViewState":{"showFog":true,"showMaterialUpdate":false,"showSkybox":true,"showFlares":true,"showImageEffects":true,"showParticleSystems":true},"in2DMode":false,"pivot":{"x":0.4749193787574768,"y":0.931449830532074,"z":0.4399750232696533},"rotation":{"x":-0.08363723754882813,"y":-0.8701857924461365,"z":0.1586446613073349,"w":-0.45901715755462649},"size":6.3215651512146,"orthographic":false}